Asset_Model,Issues,Total,Health_Percentage
Belden BAT867,39,291,86.5979381443299
Belden EAGLE40,32,253,87.35177865612648
Belden OpEdge-8D,16,272,94.11764705882352
Hirschmann BOBCAT,7,295,97.6271186440678
Hirschmann BOBCAT 24TX,2,137,98.54014598540147
Hirschmann RS40,4,173,97.6878612716763
Phoenix Contact,0,300,100.0
Siemens S7-1500,0,279,100.0
